initiales,festival,style_festival,date,horaire,lieu,ville,prix,genre,spectacle1,artiste1,style1,spectacle2,artiste2,style2,spectacle3,artiste3,style3,spectacle4,artiste4,style4,lien1,lien2,lien3,lien4
tu,Les Champs magnétiques ,"concerts, dédicaces, expos",Vendredi 31,hnc,,Fercé-sur-Sarthe,tnc,c,,SIbé Fadjo,afro blues,,Leather Wings,rock,,,,,,,,,,
tu,garage5,,Vendredi 17,20h30,Brasserie Septante Deux,,prix libre,c,,Mondpkof ,ambient,,Frédéric D. Oberland,machines live,,,,,,,,,,
ce,,,Mercredi 22,19h30,Blue Zinc,,au chapeau,c,,,Apéro Chansons (Scène ouverte),,,,,,,,,,,,,
pl,,,Dimanche 19,14h,Théâtre de Chaoué,Allonnes,gratuit,sv,Le Dimanche (avant lundi),Zutana Bazar,atelier danse,,,,,,,,,,,,,
tu,,,Samedi 4,21h,Le Lodge,,0 €,sv,,Antoine 4000,aterlier écriture & création,,,,,,,,,,,,,
jlb,,,Samedi 4,20h30,Bistro Broc Café,Changé,au chapeau,c,,Belle île en blues,blues / rock,,,,,,,,,,,,,
tu,,,Samedi 4,20h,Le Lapin Blanc,,0 €,c,,Manu K,blues / rock,,,,,,,,,,,,,
jlb,,,Samedi 4,20h,La Piraterie,,0 €,c,,Paul & Friends,Blues country rock,,,,,,,,,,,,,
zz,,,Samedi 25,20h30,Salle G. Brassens,Yvré-l'Évêque,8 à 10€,c,,March Mallow,blues jazz,,,,,,,,,,,,,
tu,,,Samedi 25,20h,Brasserie Mage Malte,Mamers,0 €,c,,Sham’rock blues,blues rock,,octane,rock metal,,,,,,,,,,
pl,Superforma,,Dimanche 26,16h30,Théâtre de Chaoué,Allonnes,8 à 10 €,sv,,Fil par Leila Martial & Valentin Ceccaldi,Blues/Jazz,,,,,,,,,,,,,
jlb,,,Vendredi 24,20h,La Piraterie,,0 €,c,,Pépin and Co,ch.,,,,,,,,,,,,,
jlb,,,Samedi 11,20h,La Piraterie,,0 €,c,,Quidame,ch.,,,,,,,,,,,,,
jlb,,,Dimanche 26,20h,La Piraterie,,0 €,c,,Voies Lactées,ch.,,,,,,,,,,,,,
tu,,,Dimanche 26,21h,Le Zoo,,au chapeau,c,,Bonhome Tétard,ch. fr.,,,,,,,,,,,,,
tu,Dimanches au Kiosque,,Dimanche 26,16h,Jardin des Plantes,,0 €,c,,Couleurs du Temps,ch. fr.,,,,,,,,,,,,,
tu,,,Jeudi 2,20h,Le Pilier Rouge,,prix libre,c,,Etienne seul-tout,ch. fr.,,,,,,,,,,,,,
jlb,,,Vendredi 3,20h30,Bistro Broc Café,Changé,au chapeau,c,,Les Habits du dimanche,ch. fr.,,,,,,,,,,,,,
tu,Dimanches au Kiosque,,Dimanche 19,16h,Jardin des Plantes,,0 €,c,,Trio Colibris,ch. fr.,,,,,,,,,,,,,
bl,,,Vendredi 17,20h30,Théâtre de la Halle-au-Blé,La Flèche,7 à 15€,c,,La mine de Léo,chanson française exotique,,,,,,,,,,,,,
jlb,,,Samedi 25,20h,La Piraterie,,0 €,c,,Trio Colibris,Chansons,,,,,,,,,,,,,
zz,,,Jeudi 30,20h,Salle des concerts,,0 €,c,L'étange cas du docteur Jekyll et de Mr Hyde,chant du conservatoire,chant,,,,,,,,,,,,,
zz,,,Mercredi 29,20h,Salle des concerts,,0 €,c,concert Offenbach,eleves de chant et formation musicale du conservatoire,chant,,,,,,,,,,,,,
zz,Cirk'en salle !,,Samedi 25,19h,Le Val’Rhonne,Moncé-en-Belin,6 €,c,,Quintet de Pioche,ciné concert,,,,,,,,,,,,,
jlb,Rencontre Régionale des Écoles de cirque,,Samedi 18,20h30,Cirque Mimulus,Fresnay-sur-Sarthe,5 à 8€,sv,Plus Haut,Cie Barolosolo,cirque,,,,,,,,,,,,,
zz,Cirk'en salle !,,Vendredi 24,19h,Le Val’Rhonne,Moncé-en-Belin,6 €,sv,Plus haut,Cie Barolosolo,cirque,,,,,,,,,,,,,
zz,,,Samedi 4,19h,Le plongeoir,,0 €,sv,Bingo Queer,Cirque Queer,cirque,,,,,,,,,,,,,
zz,,,Jeudi 30,20h,L'Espal,,10 à 15€,sv,On ne fait pas de pacte avec les bêtes,Justine Berthillot & Mosi Espinoza,cirque,,,,,,,,,,,,,
zz,,,Vendredi 31,20h,L'Espal,,10 à 15€,sv,On ne fait pas de pacte avec les bêtes,Justine Berthillot & Mosi Espinoza,cirque,,,,,,,,,,,,,
jb,Rencontre Régionale des Écoles de cirque,,Dimanche 19,20h30,Cirque Mimulus,Fresnay-sur-Sarthe,5 €,sv,,Spectacles des élèves FREC,cirque,,,,,,,,,,,,,
zz,,,Jeudi 2,10h,Le plongeoir,,5 €,sv,Entre les lignes,Cie Lunatic,cirque à partir de 3 ans,,,,,,,,,,,,,
zz,,,Vendredi 3,10h,Le plongeoir,,5 €,sv,Entre les lignes,Cie Lunatic,cirque à partir de 3 ans,,,,,,,,,,,,,
zz,,,Jeudi 2,16h30,EHPAD La reposance,,5 €,sv,Dans les grandes lignes,Cie Lunatic,cirque de 6 mois à 3 ans et +,,,,,,,,,,,,,
zz,,,Vendredi 3,16h30,EHPAD La reposance,,5 €,sv,Dans les grandes lignes,Cie Lunatic,cirque de 6 mois à 3 ans et +,,,,,,,,,,,,,
jlb,,,Vendredi 3,20h30,Comédie Le Mans,,22 €,sv,Le nouveau code de la drague,,Comédie,,,,,,,,,,,,,
zz,,,Vendredi 31,20h,La citadelle des Anges,Teloché,15 ou 25€,sv,La terre,,comédie musicale burlesque,,,,,,,,,,,,,
zz,,,Mardi 21,19h,Salle des concerts,,0 €,c,ballade entre les lignes,,concert flûte & violoncelle,,,,,,,,,,,,,
zz,Les escapades culturelles en Perche Emeraude,,Samedi 18,15h à 22h,,Melleray,0 €,c,,,concerts & arts de rue,,,,,,,,,,,,,
zz,Les rdv de St Lyphard du 23 au 26 mai,,Jeudi 23,15h à 23h,,La Ferté-Bernard,0 €,c,,,concerts & arts de rue,,,,,,,,,,,,,
zz,Les escapades culturelles en Perche Emeraude,,Dimanche 5,10h à 18h30,,Duneau,0 €,c,,,concerts & arts de rue,,,,,,,,,,,,,
jlb,,,Samedi 4,14h,Salle Cattois Roncin,Meurcé,tnc,c,Sharthe's got voice Talent,Les petites mains de Meurce,concours de chant,,,,,,,,,,,,,
jlb,,,Jeudi 23,21h,Comédie Le Mans,,16 €,sv,Réussir sa vie du premier coup,Yves Cusset,conférence humoristique,,,,,,,,,,,,,
jlb,,,Mercredi 22,21h,Comédie Le Mans,,22 €,sv,Process Comedy,,Conférence spectacle,,,,,,,,,,,,,
tu,,,Vendredi 10,21h,Le Zoo,,au chapeau,c,,Open the doors,cover the doors,,,,,,,,,,,,,
zz,,,Jeudi 30,20h30,Studio de la Cie Marie Lenfant,,prix libre,sv,,Groupe de recherche et de création Marie Lenfant,danse,,,,,,,,,,,,,
zz,,,Mercredi 29,20h30,Studio de la Cie Marie Lenfant,,prix libre,sv,,Groupe de recherche et de création Marie Lenfant,danse,,,,,,,,,,,,,
zz,,,Vendredi 31,20h30,Studio de la Cie Marie Lenfant,,prix libre,sv,,Groupe de recherche et de création Marie Lenfant,danse,,,,,,,,,,,,,
zz,LES SOIREES A SUIVRE... session 61,,Jeudi 16,20h30,Studio de la Cie Marie Lenfant,,prix libre,sv,Tempo Rubato,Tipperary dance & Alexandre Iseli,danse,,,,,,,,,,,,,
zz,LES SOIREES A SUIVRE... session 61,,Mercredi 15,20h30,Studio de la Cie Marie Lenfant,,prix libre,sv,Tempo Rubato,Tipperary dance & Alexandre Iseli,danse,,,,,,,,,,,,,
zz,LES SOIREES A SUIVRE... session 61,,Vendredi 17,20h30,Studio de la Cie Marie Lenfant,,prix libre,sv,Tempo Rubato,Tipperary dance & Alexandre Iseli,danse,,,,,,,,,,,,,
zz,,,Samedi 25,16h & 20h30,L’Éolienne,Arnage,0 à 5€,sv,Minuit,,danse modern'jazz,,,,,,,,,,,,,
tu,,,Vendredi 24,21h,Chez Marcelle,,0 €,c,,Maitre Loyd (collectif rev'on),deep house / house / tech house,,,,,,,,,,,,,
zz,,,Samedi 4,20h,La citadelle des Anges,Teloché,50 €,sv,Brasil show ,,diner spectacle,,,,,,,,,,,,,
zz,,,Vendredi 3,20h,La citadelle des Anges,Teloché,50 €,sv,Brasil show ,,diner spectacle,,,,,,,,,,,,,
tu,Blue Dog Festival,,Vendredi 17,18h,Parc de Tessé,,prix libre,c,,BELARIA + BUNZEN + TONIOWOK,dj sets,,,,,,,,,,,,,
tu,Blue Dog Festival,,Dimanche 19,16h,Parc de Tessé,,prix libre,c,,BLUE DOG CREW + DJ SMIC + HIDDENTITIE,dj sets,,,,,,,,,,,,,
tu,Blue Dog Festival,,Samedi 18,16h,Parc de Tessé,,prix libre,c,,FRAMBOISIER + KENT + REITER + KREYMEISTER,dj sets,,,,,,,,,,,,,
jlb/ce,,,Vendredi 31,21h30,Blue Zinc,,au chapeau ,c,,blue 3310,Dj sets 90's 2000,,,,,,,,,,,,,
tu,,,Dimanche 5,18h30,Le Pilier Rouge,,prix libre,c,,Straight horns,duo clarinette sax/tours,,,,,,,,,,,,,
pl,Superforma & Festival de l'Épau,,Mercredi 22,20h30,Les Saulnières ,Le Mans,16 à 23 €,c,,Laake,Electro,,Penelope Antena,pop,,,,,,,,,,
jlb,,,Vendredi 17,20h,La Piraterie,,0 €,c,,Ramdâmes ,electro acoustique ,,,,,,,,,,,,,
tu,,,Vendredi 17,20h,Le Lapin Blanc,,0 €,c,,Azuryte,electro folk,,,,,,,,,,,,,
tu,,,Vendredi 3,21h,Le Zoo,,au chapeau,c,,Azuryte,electro folk,,,,,,,,,,,,,
zz,,,Vendredi 3,20h30,Le Pâtis,,15 €,sv,Cluedo,,expérience immersive,,,,,,,,,,,,,
tu,,,Mardi 7,12h12,Stade Léon Bolet,,69 €,c,,Alain Souchampe,Folk & psylo,,,,,,,,,,,,,
tu,,,Vendredi 10,21h,Brasserie Septante Deux,,prx libre,c,,My Name is Nobody,Folk Americana / Nantes,,,,,,,,,,,,,
bl,,,Samedi 18,20h30,Cri-Cri Plage,Solesmes,8 à 13€,c,,Ommm,groupe vocal,,,,,,,,,,,,,
tu,,,Vendredi 24,21h,Brasserie Septante Deux,,0 €,c,,Trainfantome ,grunge / shoegaze - Lorient / Nantes,,,,,,,,,,,,,
tu,Dimanches au Kiosque,,Dimanche 5,16h,Jardin des Plantes,,0 €,sv,,Union Musicale de Pontlieue,Harmonie musicale,,,,,,,,,,,,,
jlb,,,Dimanche 26,15h,Espace Ronsard,Le Lude,"7,50 à 11€",c,Sous le poids des plumes,,Hip Hop,,,,,,,,,,,,,
pl,Kestu’Bouine,,Samedi 4,18h,Gite d'Asnières,Chahaignes,10 €,c,,Sidi Wacho,Hip/Hop Cumbia,,Cigany Mohawk,Gypsy punk,,Double vitrage,Tecno live,,Minimum fanfare,World festif,,,,
tu,Orga Cortex,,Mercredi 22,21h,Le Lézard,,free price,c,,Daffodils,hooligans punx / east end london,,,,,,,,,,,,,
tu,,,Vendredi 10,21h,Chez Marcelle,,0 €,c,,Madd music,house tech house,,,,,,,,,,,,,
pl,,,Vendredi 24,20h30,Salle Jean Carmet,Allonnes,16 à 22 €,sv,Vieux con,Christophe Alévêque,Humour,,,,,,,,,,,,,
jlb/ce,,,Mardi 14,20h,Blue Zinc,,au chapeau,sv,,le labo de l'humour,humour,,,,,,,,,,,,,
ce,,,Mardi 21,20h,Blue Zinc,,au chapeau,sv,,le labo de l'humour,humour,,,,,,,,,,,,,
ce,,,Mardi 28,20h,Blue Zinc,,au chapeau,sv,,le labo de l'humour,humour,,,,,,,,,,,,,
ce,,,Mardi 7,20h ,Blue Zinc,,au chapeau,sv,,le labo de l'humour,humour,,,,,,,,,,,,,
ce,,,Jeudi 9,20h30,Blue Zinc,,au chapeau,sv,,Le set comedy,humour,,,,,,,,,,,,,
jlb,,,Jeudi 16,19h,Comédie Le Mans,,35 €,sv,,Vincent Moscato,Humour,,,,,,,,,,,,,
jlb,,,Samedi 18,15h,Comédie Le Mans,,30 €,sv,,Vincent Moscato,Humour,,,,,,,,,,,,,
jlb,,,Vendredi 17,19h,Comédie Le Mans,,30 €,sv,,Vincent Moscato,Humour,,,,,,,,,,,,,
tu,,,Vendredi 17,21h,Chez Marcelle,,0 €,c,,Kevber,indie dance,,,,,,,,,,,,,
jlb/ce,,,Vendredi 10,20h30,Blue Zinc,,au chapeau,c,,Karaba fc + Lorne Malvo,indie post hardcore,,,,,,,,,,,,,
tu,,,Mercredi 15,21h,Brasserie Septante Deux,,prx libre,c,,The Da Freak Solo,Indie rock solo / Bordeaux,,,,,,,,,,,,,
tu,,,Mardi 14,21h,Le Zoo,,au chapeau,c,,Jam St Co Musicos,jam session,,,,,,,,,,,,,
zz,Sortie d’album,,Samedi 4,20h,Boire du bon,Saint-Pavace,15 €,c,,Dippin'Organ,jazz,,,,,,,,,,,,,
tu,,,Jeudi 16,20h30,Le Pilier Rouge,,prix libre,c,,Dippin’Organ Trio,jazz,,,,,,,,,,,,,
pl,JAZZ TANGENTES #0 / Collectif 3h10 et Superforma,jazz,Vendredi 31,20h30,Les Saulnières ,Le Mans,11 à 18€,c,,Guillaume Perret,jazz,,Subutex,Jazz/Rock indé,,,,,,,,,,
zz,,,Mercredi 15,19h,Les Saulnières ,,0 €,c,,jazz club,jazz,,,,,,,,,,,,,
ce,,,Jeudi 2,21h,Blue Zinc,,5 €,c,,JP Derouard & Lulu Jazz Band,jazz,,,,,,,,,,,,,
tu,Dimanches au Kiosque,,Dimanche 12,16h,Jardin des Plantes,,0 €,c,,Octojazzy ,jazz,,,,,,,,,,,,,
zz,,,Samedi 11,20h,Boire du bon,Saint-Pavace,15 €,c,,Philippe Nicolas (Zébulon),jazz,,Eric Luther,jazz,,,,,,,,,,
zz,,,Samedi 18,20h,Boire du bon,Saint-Pavace,15 €,c,,Pierrick Menuau,jazz,,,,,,,,,,,,,
zz,Circuit#16,musiques ludiques,Samedi 11,20h,Théâtre de l’Écluse,,prix libre,c,,Collectif 3h 10 & Amine Ben Feguira,jazz & oud,,,,,,,,,,,,,
tu,,,Dimanche 12,18h30,Le Pilier Rouge,,prix libre,c,,Zébulon & Eric Luter Duo,jazz boogie,,,,,,,,,,,,,
tu,,,Vendredi 31,20h,Le Lapin Blanc,,0 €,c,,eli' jazz,jazz swing,,jam session,,,,,,,,,,,
tu,,,Samedi 25,20h,Le Lapin Blanc,,0 €,c,,Spilova,jazz swing,,,,,,,,,,,,,
zz,,,Samedi 18,20h30,Jardin des plantes,,5 à 12€,sv,La Croûte des beaux jours,Cie Defracto,jonglage,,,,,,,,,,,,,
jlb,,,Mercredi 29,18h30,L'Alambik,,au chapeau,sv,,,Match d'impro junior,,,,,,,,,,,,,
jlb/ce,,,Vendredi 17,21h,Blue Zinc,,au chapeau,c,,Asleep with hope + Théorem + Fall of blind society,metal,,,,,,,,,,,,,
ce,,,Jeudi 23,20h30,Blue Zinc,,au chapeau,c,,Presumption + Barely Alive,metal rock,,,,,,,,,,,,,
tu,Soirée cumbia & chocolat / le bidul,,Samedi 18,20h30,Le Pilier Rouge,,prix libre,c,,Pacheco terror,mix cumbia/marseille/venezuelA,,dj ago,tropikalbeats/paris/venezuelA,,,,,,,,,,
tu,La fièvre du samedi matin,,Samedi 4,11h,La Fonderie,,0 €,sv,Venu du Lointain,Ensemble Offrandes,mus. contemporaine,,,,,,,,,,,,,
ce,,,Mercredi 1,20h30,Blue Zinc,,au chapeau,c,,Bal Folk avec ÉRIC THÉZÉ,mus.folk & danse,,,,,,,,,,,,,
jlb/ce,,,Jeudi 16,21h,Blue Zinc,,au chapeau ,c,,,Musique irlandaise,,,,,,,,,,,,,
jlb,,,Samedi 18,21h,Comédie Le Mans,,28 €,sv,,Jean Luc Lemoine,One Man Show,,,,,,,,,,,,,
jlb,,,Vendredi 17,21h,Comédie Le Mans,,28 €,sv,,Jean Luc Lemoine,One man Show,,,,,,,,,,,,,
jlb,,,Dimanche 26,18h,Comédie Le Mans,,25 €,sv,,Paul de Saint Sernin,One Man Show,,,,,,,,,,,,,
jlb/ce,,,Samedi 25,20h30,Blue Zinc,,au chapeau ,sv,,Anne-Marie Teinturieur,One Woman Show,,Selector's delight,vinyl mix funk soul reggae,,,,,,,,,,
jlb,,,Dimanche 5,14h30,Jardin Potager,Bonnétable,0 €,c,,SolOrkestra,orchestre balkan solo,,,,,,,,,,,,,
jlb,Salon De Musique,,Mercredi 8,20h,CPFI,,prix libre,c,,Ahmed Amine Ben Feguira,Oud de Tunisie,,,,,,,,,,,,,
zz,,,Jeudi 2,20h30,Le Pâtis,,20 €,sv,Une cuillère pour mamie,,pièce comique,,,,,,,,,,,,,
zz,,,Samedi 11,20h,La citadelle des Anges,Teloché,25 €,c,,Empty Spaces,Pink Floyd tribute,,,,,,,,,,,,,
zz,,,Vendredi 10,20h,La citadelle des Anges,Teloché,25 €,c,,Empty Spaces,Pink Floyd tribute,,,,,,,,,,,,,
jlb,,,Vendredi 24,20h30,Espace Saugonna,Mamers,12 à 24€,c,,Aurélie Saada,pop,,,,,,,,,,,,,
pl,Superforma,,Vendredi 3,20h,Les Saulnières ,Le Mans,,sv,TDM on stage,Compagnie TDM,pop,,,,,,,,,,,,,
pl,Superforma,,Jeudi 16,20h30,Les Saulnières ,Le Mans,8 à 12 €,c,,Mesparrow,pop,,INEIGE,pop,,,,,,,,,,
jlb,,,Vendredi 31,20h,La Piraterie,,0 €,c,,Azuryte,pop folk,,,,,,,,,,,,,
ce,,,Vendredi 24,20h30,Blue Zinc,,au chapeau,c,,Les Kankres,pop rock,,,,,,,,,,,,,
tu,,,Vendredi 24,21h,Le Zoo,,au chapeau,c,,Slowman Dispatcher,pop rock,,,,,,,,,,,,,
jlb,,,Vendredi 10,20h,La Piraterie,,0 €,c,,Sweet Cover,Pop rock,,,,,,,,,,,,,
tu,,,Vendredi 17,21h,Le Zoo,,au chapeau,c,,Thibault Wolf,pop rock,,,,,,,,,,,,,
pl,Superforma,,Vendredi 24,20h30,L'Alambik,Le Mans,complet,c,,Dali,Pop Urbaine,,Arone,Rap,,,,,,,,,,
tu,,,Jeudi 2,21h,Brasserie Septante Deux,,prx libre,c,,Carnage Piknik,post punk / le Mans,,Sarakiniko,mud pop / Bretagne,,,,,,,,,,
bl,,,Vendredi 3,20h30,L'Austral,Le Mans,prix libre,c,,Cheap Teens,post rock,,,,,,,,,,,,,
tu,,,Vendredi 31,21h,Chez Marcelle,,0 €,c,,dj oliv,psy trance psy tech,,,,,,,,,,,,,
jlb,,,Samedi 11,21h,Comédie Le Mans,,17 €,sv,Fournisseur officiel de bonheur,Ludovic Savariello,Psyshow,,,,,,,,,,,,,
tu,Le before du bef#9 coorga garage5/le bidul,,Jeudi 30,20h30,Le Barouf,,prix libre,c,,Orchestral Heat (C_c & Avventur),raw digital dub,,Unik music,mix vinyle dub/reggae/dance hall,,,,,,,,,,
bl,,,Mardi 14,20h30,Scène J.Le Theule,Sablé-sur-Sarthe,10 à 20€,sv,Monte-Cristo,Cie La Volige,récit musical,,,,,,,,,,,,,
zz,,,Dimanche 26,12h30,Le Pâtis,,55 €,sv,Bang Bang,,repas spectacle,,,,,,,,,,,,,
jlb,,,Mercredi 1,20h30,Bistro Broc Café,Changé,au chapeau,c,,Paul Sanders,reprise soul funk,,,,,,,,,,,,,
jlb,,,Samedi 18,20h,La Piraterie,,0 €,c,,Just fun,reprises chansons françaises,,,,,,,,,,,,,
jlb,,,Samedi 11,20h30,Bistro Broc Café,Changé,au chapeau,c,,Hendrix Coffee,reprises Hendrix acoustique,,,,,,,,,,,,,
ce,,,Samedi 4,20h30,Blue Zinc,,au chapeau,c,,Kirjava,rock,,,,,,,,,,,,,
tu,,,Samedi 18,21h,Le Zoo,,au chapeau,c,,Didier,rock blues,,,,,,,,,,,,,
jlb,,,Vendredi 31,20h30,Bistro Broc Café,Changé,au chapeau,c,,Sham ,rock blues,,,,,,,,,,,,,
tu,,,Vendredi 10,20h,Le Lapin Blanc,,0 €,c,,Albert rose,rock cover,,,,,,,,,,,,,
tu,,,Samedi 18,20h,Le Lapin Blanc,,0 €,c,,John Maine,rock cover,,,,,,,,,,,,,
ba,,,Vendredi 17,19h30,Bar l'Olivier,Le Mans,0 €,c,,Did And Guests,Rock Folk Blues,,,,,,,,,,,,,
tu,garage5,,Lundi 27,20h,Brasserie Septante Deux,,prix libre,c,,Jean Luc Guionnet & Lotus Eddé Khouri,Sax alto/danse,,Paul Rogers & J.L Guionnet,mus. improvisée,,,,,,,,,,
jlb,,,Samedi 18,20h30,Théâtre Paul Scarron,,8 €,c,Open stage music,,Scène ouverte,,,,,,,,,,,,,
ce,Tempo,,Mercredi 29,20h,Blue Zinc,,au chapeau,c,,,Scène ouverte + jam,,,,,,,,,,,,,
jlb,,,Mardi 14,20h30,Bistro Broc Café,Changé,au chapeau,c,,,Scène ouverte avec Antoine,,,,,,,,,,,,,
jlb,,,Mardi 21,20h30,Bistro Broc Café,Changé,au chapeau,c,,,Scène ouverte avec Yves,,,,,,,,,,,,,
tu,,,Vendredi 17,21h,Le Lézard,,prx libre,c,,Ari + solitone,screamo / bordeaux,,,,,,,,,,,,,
jlb,,,Samedi 11,18h,Brasserie Mage Malte,Mamers,0 €,c,,,Session musique Irlandaise,,,,,,,,,,,,,
tu,5 ans de Cooking Cahos,,Samedi 25,19h30,Le Lézard,,0 €,sv,,,Soirée falafels,,,,,,,,,,,,,
zz,Cirk'en salle !,,Dimanche 26,17h,Le Val’Rhonne,Moncé-en-Belin,6 €,sv,Tu seras funambule comme papa,Cie Cet été,spectacle,,,,,,,,,,,,,
tu,,,Dimanche 5,16h30,Théâtre Paul Scarron,,5 à 10€,sv,Rewind,La Limprost,spectacle improvisé,,,,,,,,,,,,,
bl,,,Mardi 28,9h15 et 18h,Espace Scélia,Sargé-lès-le-Mans,4 €,sv,Infantia,Théâtre Bascule,spectacle jeune public,,,,,,,,,,,,,
bl,,,Mercredi 29,10h45 et 17h,Espace Scélia,Sargé-lès-le-Mans,4 €,sv,Infantia,Théâtre Bascule,spectacle jeune public,,,,,,,,,,,,,
bl,,,Samedi 25,21h30,Pont romain,Montfort-le-Gesnois,5/10€,sv,La veillée,Cie OpUS,spectacle plein air / th. de rue,,,,,,,,,,,,,
bl,,,Vendredi 24,21h30,Salle Coppélia,La Flèche,7 à 15€,sv,La veillée,Cie OpUS,spectacle plein air / th. de rue,,,,,,,,,,,,,
bl,,,Samedi 25,20h30,Espace Scélia,Sargé-lès-le-Mans,8/11€,c,,Face à face avec Aune,spectacle/rencontre,,,,,,,,,,,,,
bl,,,Vendredi 24,20h30,Espace Scélia,Sargé-lès-le-Mans,8/11€,c,,Face à face avec Aune,spectacle/rencontre,,,,,,,,,,,,,
jlb,,,Samedi 25,21h,Comédie Le Mans,,28 €,sv,,Fanny Ruwet,Stand Up,,,,,,,,,,,,,
jlb,,,Vendredi 24,21h,Comédie Le Mans,,28 €,sv,,Fanny Ruwet,Stand Up,,,,,,,,,,,,,
jlb,,,Lundi 20,20h30,Comédie Le Mans,,28 €,sv,,Marina Cars,Stand Up,,,,,,,,,,,,,
jlb,,,Mardi 21,21h,Comédie Le Mans,,28 €,sv,,Marina Cars,Stand Up,,,,,,,,,,,,,
jlb,,,Lundi 6,20h30,Comédie Le Mans,,10 €,sv,Humour en scène,,Stand up,,,,,,,,,,,,,
zz,,,Samedi 18,18h,Les Saulnières ,,0 €,sv,,Piazzolla piazzolla,tango nuevo &bal argentin,,,,,,,,,,,,,
tu,,,Jeudi 30,20h30,La Bertoche,,10 €,sv,Cabaret des givrés et autres monstruosités,Atelier du mardi,th.,,,,,,,,,,,,,
tu,,,Mercredi 29,20h30,La Bertoche,,10 €,sv,Cabaret des givrés et autres monstruosités,Atelier du mardi,th.,,,,,,,,,,,,,
tu,,,Vendredi 31,20h30,La Bertoche,,10 €,sv,Cabaret des givrés et autres monstruosités,Atelier du mardi,th.,,,,,,,,,,,,,
bl,,,Samedi 4,20h30,Théâtre Épidaure,Bouloire,5/10€,sv,La Maison aux cactus,Cie Jamais 203,th.,,,,,,,,,,,,,
jlb,,,Samedi 25,20h30,Le Rabelais,Changé,7 à 11€,sv,On n'était que deux,Cie non obsolète,th.,,,,,,,,,,,,,
ba,,,Mercredi 15,20h30,Eve,Le Mans,4 à 10€,sv,Backlash ,Groupe Vertigo,th.,,,,,,,,,,,,,
jlb,,,Vendredi 17,20h30,L'Alambik,,tnc,sv,L’Assemblée de femmes,La malle de Pandora,th.,,,,,,,,,,,,,
jlb,,,Vendredi 31,20h30,Théâtre Municipal,Mamers,10 €,sv,merci Jean Claude,,th.,,,,,,,,,,,,,
zz,,,Vendredi 31,20h,Théâtre Paul Scarron,,0 €,sv,Sweet summer et les prétendants,,th.,,,,,,,,,,,,,
tu,,,Jeudi 23,21h,Brasserie Septante Deux,,0 €,sv,,,th. d'impro,,,,,,,,,,,,,
ba,,,Jeudi 30,18h30,Eve,Le Mans,4 à 10€,sv,"Chantal, Hommage à Johnny ",Cie Zutano BaZar,th. dansé,,,,,,,,,,,,,
ba,,,Vendredi 31,12h30,Eve,Le Mans,4 à 10€,sv,"Chantal, Hommage à Johnny ",Cie Zutano BaZar,th. dansé,,,,,,,,,,,,,
pl,,,Mardi 7,18h30,Salle Jean Carmet,Allonnes,"2,50 à 6 €",sv,Petite galerie du Déclin,Cie portés disparus,th. de maiionnettes,,,,,,,,,,,,,
jlb,,,Mardi 14,18h,Espace Henri Salvador,Coulaines,"5,40 à 7,50€",sv,L' atelier d'OKILELE,Cie du théâtre des mots,th. dès 3 ans,,,,,,,,,,,,,
jlb,,,Dimanche 5,16h,14 hameau de verze,Saint-Rémy-du-Val,5 €,sv,Des souvenirs en racine,,th. participatif,,,,,,,,,,,,,
zz,,,Jeudi 16,19h,Guinguette des Tanneries,,au chapeau,c,,Alex De Vries,trio jazz manouche,,,,,,,,,,,,,
tu,,,Vendredi 3,21h,Chez Marcelle,,0 €,c,,olmek,vinyl,,,,,,,,,,,,,
pl,Superforma,,Jeudi 23,20h30,Salle Jean Carmet,Allonnes,15 à 22 €,c,,Orange Blossom,World,,,,,,,,,,,,,
zz,,,Vendredi 3,19h,Guinguette des Tanneries,,au chapeau,c,,Akordaïa,world guinguette,,,,,,,,,,,,,
tu,garage5,,Jeudi 2,21h,Le Lézard,,prix libre,c,,institutrice,zinzin percussif,,,,,,,,,,,,,
jlb,,,Mercredi 29,20h30,Bistro Broc Café,Changé,au chapeau,c,,Albert Rose trio,,,,,,,,,,,,,,
zz,,,Samedi 4,20h30,Salle Aimée le Prilleux,Champagné,tnc,c,Chorale ados,amusiquons nous,,,Sin Saya,,,Way,,,,,,,,
jlb,,,Samedi 25,20h30,Bistro Broc Café,Changé,au chapeau,c,,Backson,,,,,,,,,,,,,,
tu,La Fête de l'Humanité 72,"débats, concerts",Samedi 25,20h30,Maison de quartier l'Oiselière,,5 €,c,,banos & bakoua sound + Manu k + Puppa Nadem & Selecta jahdi + ..,,,,,,,,,,,,,,
zz,Prélude du 40e Festival de l'Épau,mus. Classique,Dimanche 19,16h,Abbaye de l'Epau,,0 €,c,,Choeur départemental de la Sarthe,,,,,,,,,,,,,,
jlb,,,Vendredi 10,20h30,Bistro Broc Café,Changé,au chapeau,c,,Clem't,,,,,,,,,,,,,,
zz,,,Vendredi 31,17h45,Médiathèque L. Aragon,,0 €,sv,,Cuivre junior du conservatoire,,,,,,,,,,,,,,
jlb,,,Jeudi 30,21h,Comédie Le Mans,,28 €,sv,,Dava 9,humour,,,,,,,,,,,,,
jlb,,,Mercredi 29,21h,Comédie Le Mans,,28 €,sv,,Dava 9,humour,,,,,,,,,,,,,
jlb,,,Mardi 7,20h30,Bistro Broc Café,Changé,au chapeau,c,,David Bonneville,,,,,,,,,,,,,,
jlb,,,Vendredi 17,20h30,Bistro Broc Café,Changé,au chapeau,c,,DoRéMi,,,,,,,,,,,,,,
pl,Festivals les Trad'Yvresse,boeufs et bals. Du 17 au 19,Vendredi 17,19h,Salle G. Brassens,Yvré-l'Évêque,gratuit à 17€,c,Festival Trad'Yvresses,Duo Azare,,,0cascade,,,La cuivraille,,,,,,,,
jlb,Salon De Musique,,Jeudi 16,20h,CPFI,,prix libre,sv,Voyage au Groenland,Estelle Transon,,,,,,,,,,,,,,
jlb,,,Jeudi 16,19h,Salle Coppélia,La Flèche,tnc,sv,ce qui nous noue,groupe déjà,th.,,,,,,,,,,,,,
jlb,,,Mercredi 15,18h30 & 21h,Comédie Le Mans,,28 €,sv,"Hors limite 2,0",Les hypnotiseurs,,,,,,,,,,,,,,
jlb,,,Jeudi 30,20h30,Bistro Broc Café,Changé,au chapeau,c,,Macadame,,,,,,,,,,,,,,
jlb,,,Vendredi 24,20h30,Bistro Broc Café,Changé,au chapeau,c,,Milly & Manu,,,,,,,,,,,,,,
tu,"Soirée Spectacle du collectif Nananerf,",,Jeudi 16,19h,Le Barouf,,au chapeau,sv,,MowDjo + perf' tous arts + DJ Suzy,,,,,,,,,,,,,,
zz,Prélude du 40e Festival de l'Épau,mus. Classique,Samedi 18,20h,Abbaye de l'Epau,,0 €,c,,Orchestre d'harmonie de la Sarthe + Sympho'Campus,,,,,,,,,,,,,,
zz,10ème édition des rastas du coeur,,Samedi 4,18h,Les Saulnières ,,1entrée  = 5kg de denrées alimentaire,c,,vanupie,,,derrick sound,,,kunthea,,,straxx sound system & giogio + marafanyi,,,,,
ba,Rencontres Théâtre à l'Université,du 22 au 26,Mercredi 22,,Eve,Le Mans,,sv,,,,,,,,,,,,,,,,
jlb,,,Samedi 25,20h,Salle Atlantis,Saint-Cosme-en-Vairais,gratuit,sv,Evasion musicale marine,,,,,,,,,,,,,,,
tu,40e Festival de l'Épau,Festival de mus. Classique. du 21 au 28,Mardi 21,,Abbaye de l'Epau,,0 à 35€,c,,,,,,,,,,,,,,,,
tu,Only Wax #39. les 10 ans,,Mardi 7,21h,Le Barouf,,0 €,c,,Evenn + le toub + dj vince + mounsif + la carotte,hip hop/grooves/funk/soul/disco,,,,,,,,,,,,,
jlb,5e Festival Lectures aux Animaux,manifestation littéraire consacrée aux animaux. du 17 au 19,Vendredi 17,,Logis de Moulins,Saint-Rémy-du-Val,10 à 40€,sv,,,,,,,,,,,,,,,,
